{
    "최대체력": 650,
    "공격력": 925,
    "방어력": 230,
    "방어율": 0.029999999329447748,
    "크리티컬율": 0.1900000125169754,
    "이동속도": 6.199999809265137
}