{
    "최대체력": 100,
    "공격력": 10,
    "방어력": 5,
    "방어율": 0.10000000149011612,
    "크리티컬율": 0.05000000074505806,
    "이동속도": 3.0
}