{
    "최대체력": 450,
    "공격력": 635,
    "방어력": 115,
    "방어율": 0.10000000149011612,
    "크리티컬율": 0.14000000059604646,
    "이동속도": 3.0999999046325685
}