{
    "최대체력": 650,
    "공격력": 625,
    "방어력": 380,
    "방어율": 0.019999999552965165,
    "크리티컬율": 0.08500000089406967,
    "이동속도": 3.049999952316284
}