{
    "최대체력": 450,
    "공격력": 925,
    "방어력": 210,
    "방어율": 0.0,
    "크리티컬율": 0.11500000208616257,
    "이동속도": 3.049999952316284
}