{
    "최대체력": 650,
    "공격력": 475,
    "방어력": 380,
    "방어율": 0.029999999329447748,
    "크리티컬율": 0.11000000685453415,
    "이동속도": 3.200000047683716
}