{
    "최대체력": 900,
    "공격력": 925,
    "방어력": 255,
    "방어율": 0.059999994933605197,
    "크리티컬율": 0.1899999976158142,
    "이동속도": 3.200000047683716
}